{
  "problem": "aaya 3 x+y 3 -7 x-y 5 ndxandy",
  "analysis": {
    "type": "unknown",
    "operations": [
      "addition",
      "subtraction"
    ],
    "components": {}
  },
  "solution": {
    "problem": "Solve for x and y: 3x + y = 3, -7x - y = 5",
    "steps": [
      {
        "step_number": 1,
        "description": "Write down the given system of equations",
        "calculation": "",
        "explanation": "We have two equations: 3x + y = 3 and -7x - y = 5. Our goal is to solve for x and y."
      },
      {
        "step_number": 2,
        "description": "Add the two equations to eliminate y",
        "calculation": "(3x + y) + (-7x - y) = 3 + 5",
        "explanation": "By adding the two equations, we can eliminate y because the y terms have opposite coefficients."
      },
      {
        "step_number": 3,
        "description": "Simplify the resulting equation",
        "calculation": "-4x = 8",
        "explanation": "When we add the two equations, we get -4x = 8. Now we can solve for x."
      },
      {
        "step_number": 4,
        "description": "Solve for x",
        "calculation": "x = -2",
        "explanation": "Divide both sides by -4 to get x = -2."
      },
      {
        "step_number": 5,
        "description": "Substitute x into one of the original equations to solve for y",
        "calculation": "3(-2) + y = 3",
        "explanation": "Now that we have x, we can substitute it into one of the original equations to solve for y."
      },
      {
        "step_number": 6,
        "description": "Solve for y",
        "calculation": "-6 + y = 3, y = 9",
        "explanation": "Simplifying the equation, we get y = 9."
      }
    ],
    "final_answer": "x = -2, y = 9"
  },
  "visualizations": []
}