image,label,category
data\training\sample\sequences\sequences_1.png,c_{n+2} = c_n + c_{n+1},sequences
data\training\sample\sequences\sequences_2.png,a_n = 2^n,sequences
data\training\sample\sequences\sequences_3.png,a_n = 2^n,sequences
data\training\sample\sequences\sequences_4.png,b_k = k^3 + 3k^2,sequences
data\training\sample\sequences\sequences_5.png,a_n = n^2,sequences
data\training\sample\sequences\sequences_6.png,b_k = k^3 + 3k^2,sequences
data\training\sample\sequences\sequences_7.png,c_{n+2} = c_n + c_{n+1},sequences
data\training\sample\sequences\sequences_8.png,a_n = n!,sequences
data\training\sample\sequences\sequences_9.png,a_n = n^2,sequences
data\training\sample\sequences\sequences_10.png,a_n = 2^n,sequences
data\training\sample\sequences\sequences_11.png,a_{n+1} = a_n + 1,sequences
data\training\sample\sequences\sequences_12.png,a_n = (-1)^n,sequences
data\training\sample\sequences\sequences_13.png,c_{n+2} = c_n + c_{n+1},sequences
data\training\sample\sequences\sequences_14.png,a_n = (-1)^n,sequences
data\training\sample\sequences\sequences_15.png,a_n = 2^n,sequences
data\training\sample\sequences\sequences_16.png,a_n = 2^n,sequences
data\training\sample\sequences\sequences_17.png,a_{n+1} = a_n + 1,sequences
data\training\sample\sequences\sequences_18.png,a_n = 2^n,sequences
data\training\sample\sequences\sequences_19.png,a_n = n!,sequences
data\training\sample\sequences\sequences_20.png,a_n = n!,sequences
data\training\sample\sequences\sequences_21.png,c_{n+2} = c_n + c_{n+1},sequences
data\training\sample\sequences\sequences_22.png,a_n = n^2,sequences
data\training\sample\sequences\sequences_23.png,b_k = k^3 + 3k^2,sequences
data\training\sample\sequences\sequences_24.png,a_{n+1} = a_n + 1,sequences
data\training\sample\sequences\sequences_25.png,a_n = n!,sequences
data\training\sample\sequences\sequences_26.png,a_n = (-1)^n,sequences
data\training\sample\sequences\sequences_27.png,a_n = 2^n,sequences
data\training\sample\sequences\sequences_28.png,a_{n+1} = a_n + 1,sequences
data\training\sample\sequences\sequences_29.png,a_{n+1} = a_n + 1,sequences
data\training\sample\sequences\sequences_30.png,a_n = 2^n,sequences
data\training\sample\sequences\sequences_31.png,a_n = (-1)^n,sequences
data\training\sample\sequences\sequences_32.png,a_n = 1/n,sequences
data\training\sample\sequences\sequences_33.png,a_n = n^2,sequences
data\training\sample\sequences\sequences_34.png,a_{n+1} = a_n + 1,sequences
data\training\sample\sequences\sequences_35.png,b_k = k^3 + 3k^2,sequences
data\training\sample\sequences\sequences_36.png,a_{n+1} = a_n + 1,sequences
data\training\sample\sequences\sequences_37.png,a_n = 2^n,sequences
data\training\sample\sequences\sequences_38.png,a_{n+1} = a_n + 1,sequences
data\training\sample\sequences\sequences_39.png,a_n = 1/n,sequences
data\training\sample\sequences\sequences_40.png,a_n = (-1)^n,sequences
data\training\sample\sequences\sequences_41.png,a_n = 2^n,sequences
data\training\sample\sequences\sequences_42.png,a_n = (-1)^n,sequences
data\training\sample\sequences\sequences_43.png,a_n = n^2,sequences
data\training\sample\sequences\sequences_44.png,c_{n+2} = c_n + c_{n+1},sequences
data\training\sample\sequences\sequences_45.png,a_n = (-1)^n,sequences
data\training\sample\sequences\sequences_46.png,a_{n+1} = a_n + 1,sequences
data\training\sample\sequences\sequences_47.png,c_{n+2} = c_n + c_{n+1},sequences
data\training\sample\sequences\sequences_48.png,a_n = 2^n,sequences
data\training\sample\sequences\sequences_49.png,a_n = 1/n,sequences
data\training\sample\sequences\sequences_50.png,a_n = n^2,sequences
data\training\sample\series\series_1.png,"∑_{k=0}^n C(n,k)",series
data\training\sample\series\series_2.png,∑_{n=1}^∞ (-1)^{n}/n,series
data\training\sample\series\series_3.png,∑_{n=1}^N n^2,series
data\training\sample\series\series_4.png,S_N = \sum_{n=1}^N a_n,series
data\training\sample\series\series_5.png,∑_{n=1}^∞ (-1)^{n}/n,series
data\training\sample\series\series_6.png,S_N = \sum_{n=1}^N a_n,series
data\training\sample\series\series_7.png,S_N = \sum_{n=1}^N a_n,series
data\training\sample\series\series_8.png,"∑_{k=0}^n C(n,k)",series
data\training\sample\series\series_9.png,"∑_{k=0}^n C(n,k)",series
data\training\sample\series\series_10.png,∑_{n=1}^∞ (-1)^{n}/n,series
data\training\sample\series\series_11.png,∑_{n=1}^∞ (-1)^{n}/n,series
data\training\sample\series\series_12.png,S_N = \sum_{n=1}^N a_n,series
data\training\sample\series\series_13.png,∑_{n=0}^∞ 1/2^n,series
data\training\sample\series\series_14.png,∑_{n=1}^N n^2,series
data\training\sample\series\series_15.png,∑_{n=1}^N n^2,series
data\training\sample\series\series_16.png,∑_{n=1}^N n^2,series
data\training\sample\series\series_17.png,∑_{n=0}^∞ 1/2^n,series
data\training\sample\series\series_18.png,∑_{n=0}^∞ 1/2^n,series
data\training\sample\series\series_19.png,∑_{n=1}^∞ (-1)^{n}/n,series
data\training\sample\series\series_20.png,∑_{n=1}^∞ (-1)^{n}/n,series
data\training\sample\series\series_21.png,"∑_{k=0}^n C(n,k)",series
data\training\sample\series\series_22.png,∑_{n=1}^N n^2,series
data\training\sample\series\series_23.png,∑_{n=0}^∞ 1/2^n,series
data\training\sample\series\series_24.png,"∑_{k=0}^n C(n,k)",series
data\training\sample\series\series_25.png,∑_{n=1}^N n^2,series
data\training\sample\series\series_26.png,"∑_{k=0}^n C(n,k)",series
data\training\sample\series\series_27.png,"∑_{k=0}^n C(n,k)",series
data\training\sample\series\series_28.png,∑_{n=1}^∞ (-1)^{n}/n,series
data\training\sample\series\series_29.png,∑_{n=0}^∞ 1/2^n,series
data\training\sample\series\series_30.png,S_N = \sum_{n=1}^N a_n,series
data\training\sample\series\series_31.png,∑_{n=1}^∞ (-1)^{n}/n,series
data\training\sample\series\series_32.png,∑_{n=0}^∞ 1/2^n,series
data\training\sample\series\series_33.png,∑_{n=1}^∞ 1/n^2,series
data\training\sample\series\series_34.png,∑_{n=1}^∞ (-1)^{n}/n,series
data\training\sample\series\series_35.png,∑_{n=0}^∞ 1/2^n,series
data\training\sample\series\series_36.png,S_N = \sum_{n=1}^N a_n,series
data\training\sample\series\series_37.png,∑_{n=1}^∞ 1/n^2,series
data\training\sample\series\series_38.png,∑_{n=1}^∞ (-1)^{n}/n,series
data\training\sample\series\series_39.png,"∑_{k=0}^n C(n,k)",series
data\training\sample\series\series_40.png,∑_{n=1}^∞ (-1)^{n}/n,series
data\training\sample\series\series_41.png,∑_{n=1}^∞ 1/n^2,series
data\training\sample\series\series_42.png,"∑_{k=0}^n C(n,k)",series
data\training\sample\series\series_43.png,∑_{n=0}^∞ 1/2^n,series
data\training\sample\series\series_44.png,∑_{n=1}^N n^2,series
data\training\sample\series\series_45.png,S_N = \sum_{n=1}^N a_n,series
data\training\sample\series\series_46.png,∑_{n=1}^∞ 1/n^2,series
data\training\sample\series\series_47.png,∑_{n=1}^∞ (-1)^{n}/n,series
data\training\sample\series\series_48.png,∑_{n=1}^N n^2,series
data\training\sample\series\series_49.png,S_N = \sum_{n=1}^N a_n,series
data\training\sample\series\series_50.png,∑_{n=1}^N n^2,series
data\training\sample\calculus\calculus_1.png,∫_0^1 x^2 dx,calculus
data\training\sample\calculus\calculus_2.png,∂^2 u/∂x^2 + ∂^2 u/∂y^2 = 0,calculus
data\training\sample\calculus\calculus_3.png,∮_C F·dr = 0,calculus
data\training\sample\calculus\calculus_4.png,∫_0^1 x^2 dx,calculus
data\training\sample\calculus\calculus_5.png,∂^2 u/∂x^2 + ∂^2 u/∂y^2 = 0,calculus
data\training\sample\calculus\calculus_6.png,∫_0^1 x^2 dx,calculus
data\training\sample\calculus\calculus_7.png,lim_{x→∞} (1 + 1/x)^x,calculus
data\training\sample\calculus\calculus_8.png,∫_0^1 x^2 dx,calculus
data\training\sample\calculus\calculus_9.png,f'(x) = \frac{d}{dx} sin x,calculus
data\training\sample\calculus\calculus_10.png,f'(x) = \frac{d}{dx} sin x,calculus
data\training\sample\calculus\calculus_11.png,f'(x) = \frac{d}{dx} sin x,calculus
data\training\sample\calculus\calculus_12.png,lim_{x→∞} (1 + 1/x)^x,calculus
data\training\sample\calculus\calculus_13.png,f'(x) = \frac{d}{dx} sin x,calculus
data\training\sample\calculus\calculus_14.png,dy/dx = 3x^2,calculus
data\training\sample\calculus\calculus_15.png,dy/dx = 3x^2,calculus
data\training\sample\calculus\calculus_16.png,dy/dx = 3x^2,calculus
data\training\sample\calculus\calculus_17.png,∫_0^1 x^2 dx,calculus
data\training\sample\calculus\calculus_18.png,dy/dx = 3x^2,calculus
data\training\sample\calculus\calculus_19.png,∫_0^1 x^2 dx,calculus
data\training\sample\calculus\calculus_20.png,d^2y/dx^2 + y = 0,calculus
data\training\sample\calculus\calculus_21.png,∫_0^1 x^2 dx,calculus
data\training\sample\calculus\calculus_22.png,dy/dx = 3x^2,calculus
data\training\sample\calculus\calculus_23.png,∂^2 u/∂x^2 + ∂^2 u/∂y^2 = 0,calculus
data\training\sample\calculus\calculus_24.png,∮_C F·dr = 0,calculus
data\training\sample\calculus\calculus_25.png,∮_C F·dr = 0,calculus
data\training\sample\calculus\calculus_26.png,lim_{x→∞} (1 + 1/x)^x,calculus
data\training\sample\calculus\calculus_27.png,d^2y/dx^2 + y = 0,calculus
data\training\sample\calculus\calculus_28.png,∮_C F·dr = 0,calculus
data\training\sample\calculus\calculus_29.png,∫_0^1 x^2 dx,calculus
data\training\sample\calculus\calculus_30.png,∮_C F·dr = 0,calculus
data\training\sample\calculus\calculus_31.png,dy/dx = 3x^2,calculus
data\training\sample\calculus\calculus_32.png,dy/dx = 3x^2,calculus
data\training\sample\calculus\calculus_33.png,∮_C F·dr = 0,calculus
data\training\sample\calculus\calculus_34.png,d^2y/dx^2 + y = 0,calculus
data\training\sample\calculus\calculus_35.png,∂^2 u/∂x^2 + ∂^2 u/∂y^2 = 0,calculus
data\training\sample\calculus\calculus_36.png,lim_{x→∞} (1 + 1/x)^x,calculus
data\training\sample\calculus\calculus_37.png,f'(x) = \frac{d}{dx} sin x,calculus
data\training\sample\calculus\calculus_38.png,d^2y/dx^2 + y = 0,calculus
data\training\sample\calculus\calculus_39.png,lim_{x→∞} (1 + 1/x)^x,calculus
data\training\sample\calculus\calculus_40.png,∂^2 u/∂x^2 + ∂^2 u/∂y^2 = 0,calculus
data\training\sample\calculus\calculus_41.png,d^2y/dx^2 + y = 0,calculus
data\training\sample\calculus\calculus_42.png,lim_{x→∞} (1 + 1/x)^x,calculus
data\training\sample\calculus\calculus_43.png,∫_0^1 x^2 dx,calculus
data\training\sample\calculus\calculus_44.png,f'(x) = \frac{d}{dx} sin x,calculus
data\training\sample\calculus\calculus_45.png,lim_{x→∞} (1 + 1/x)^x,calculus
data\training\sample\calculus\calculus_46.png,∮_C F·dr = 0,calculus
data\training\sample\calculus\calculus_47.png,dy/dx = 3x^2,calculus
data\training\sample\calculus\calculus_48.png,∫_0^1 x^2 dx,calculus
data\training\sample\calculus\calculus_49.png,∫_0^1 x^2 dx,calculus
data\training\sample\calculus\calculus_50.png,dy/dx = 3x^2,calculus
data\training\sample\matrices\matrices_1.png,[1 0; 0 1],matrices
data\training\sample\matrices\matrices_2.png,[a b; c d],matrices
data\training\sample\matrices\matrices_3.png,[a b; c d],matrices
data\training\sample\matrices\matrices_4.png,[a b; c d],matrices
data\training\sample\matrices\matrices_5.png,[1 0; 0 1],matrices
data\training\sample\matrices\matrices_6.png,[a b; c d],matrices
data\training\sample\matrices\matrices_7.png,det(A) = ad - bc,matrices
data\training\sample\matrices\matrices_8.png,[a b; c d],matrices
data\training\sample\matrices\matrices_9.png,det(A) = ad - bc,matrices
data\training\sample\matrices\matrices_10.png,[a b; c d],matrices
data\training\sample\matrices\matrices_11.png,A^T,matrices
data\training\sample\matrices\matrices_12.png,tr(A),matrices
data\training\sample\matrices\matrices_13.png,det(A) = ad - bc,matrices
data\training\sample\matrices\matrices_14.png,det(A) = ad - bc,matrices
data\training\sample\matrices\matrices_15.png,"[1 2 3]
[4 5 6]
[7 8 9]",matrices
data\training\sample\matrices\matrices_16.png,[a b; c d],matrices
data\training\sample\matrices\matrices_17.png,det(A) = ad - bc,matrices
data\training\sample\matrices\matrices_18.png,A^T,matrices
data\training\sample\matrices\matrices_19.png,A^T,matrices
data\training\sample\matrices\matrices_20.png,A^T,matrices
data\training\sample\matrices\matrices_21.png,A^T,matrices
data\training\sample\matrices\matrices_22.png,"[1 2 3]
[4 5 6]
[7 8 9]",matrices
data\training\sample\matrices\matrices_23.png,tr(A),matrices
data\training\sample\matrices\matrices_24.png,"[1 2 3]
[4 5 6]
[7 8 9]",matrices
data\training\sample\matrices\matrices_25.png,"[1 2 3]
[4 5 6]
[7 8 9]",matrices
data\training\sample\matrices\matrices_26.png,det(A) = ad - bc,matrices
data\training\sample\matrices\matrices_27.png,[a b; c d],matrices
data\training\sample\matrices\matrices_28.png,[a b; c d],matrices
data\training\sample\matrices\matrices_29.png,"[1 2 3]
[4 5 6]
[7 8 9]",matrices
data\training\sample\matrices\matrices_30.png,[a b; c d],matrices
data\training\sample\matrices\matrices_31.png,tr(A),matrices
data\training\sample\matrices\matrices_32.png,[a b; c d],matrices
data\training\sample\matrices\matrices_33.png,[a b; c d],matrices
data\training\sample\matrices\matrices_34.png,det(A) = ad - bc,matrices
data\training\sample\matrices\matrices_35.png,[a b; c d],matrices
data\training\sample\matrices\matrices_36.png,"[1 2 3]
[4 5 6]
[7 8 9]",matrices
data\training\sample\matrices\matrices_37.png,tr(A),matrices
data\training\sample\matrices\matrices_38.png,[a b; c d],matrices
data\training\sample\matrices\matrices_39.png,"[1 2 3]
[4 5 6]
[7 8 9]",matrices
data\training\sample\matrices\matrices_40.png,det(A) = ad - bc,matrices
data\training\sample\matrices\matrices_41.png,"[1 2 3]
[4 5 6]
[7 8 9]",matrices
data\training\sample\matrices\matrices_42.png,[1 0; 0 1],matrices
data\training\sample\matrices\matrices_43.png,A^T,matrices
data\training\sample\matrices\matrices_44.png,[a b; c d],matrices
data\training\sample\matrices\matrices_45.png,A^T,matrices
data\training\sample\matrices\matrices_46.png,[a b; c d],matrices
data\training\sample\matrices\matrices_47.png,"[1 2 3]
[4 5 6]
[7 8 9]",matrices
data\training\sample\matrices\matrices_48.png,tr(A),matrices
data\training\sample\matrices\matrices_49.png,tr(A),matrices
data\training\sample\matrices\matrices_50.png,A^T,matrices
